["ivi","ivi","iva","ivino\u02bbo","ivi 'aso\u02bbaso","ivit\u016b","ivi manu","ivi tapuvae","ivi articular","ivit\u016b","ivit\u016b uaea","ivitu o fesootaiga","ivi Saina","ivi o le finauga","ivi fagu","ivi e piki","ivi i luga","ivi i luga o","ivi-ma\u02bbati\u02bbati","ivi-matutu","ivi-paie","ivi-taumafataga","ivi-luluina","ivi-vaivai","ivi-vaivai","ivi-fanua","ivi gagase","ivi momomo","ivi tamai povi","ivi cancellous","ivi capitate","ivi carpal","ivi carpal","ivit\u016b cervical","ivi alafau","ivi kola","ivi fatafata","ivi puupuu","ivi costal","ivi cricoid","ivi cuneiform","ivi taifau","ivi tulilima","ivi ethmoid","ivi frontal","ivi hamate","ivi mulivae","ivi hyaline","ivi hyoid","ivi innominate","ivi jugal","ivi vae","ivi malar","ivi mastoid","ivi metacarpal","ivi nasal","iva selau","iva","iva taimi","iva taimi mai le sefulu","iva i le lima","iva sefulu","ivasefulu valu","ivasefulu fa","ivasefulu fitu","ivasefulu ono","ivasefulu tolu","ivasefulu lua","ivasefulu ma le iva","ivasefulu-o le tasi","ivi occipital","ivi palatine","ivi parietal","ivi pelvic","ivi pisiform","ivi asoaso fasi puaa","ivi pubic","ivino\u02bbo Fatugao","ivi asoaso ivi","ivi asoaso steak mata","ivi asoaso steak","ivi asoaso-mutia","ivi asoaso-tickler","ivi asoaso-tickling","ivi asoaso-wort","ivi scaphoid","ivi semilunar","ivi asoaso puupuu","ivi tauau","ivi sphenoid","ivit\u016b-ma\u02bbati\u02bbati","ivit\u016b-tingling","ivi spongy","ivi si\u02bbusi\u02bbu","ivi tarsal","ivi faaletino","ivi-suilapalapa","ivi thyroid","ivi turbinate","ivi vertebral","ivi tapulima","ivi zygomatic"]